Question,Answer,label
Where was Alexander Elder born?,Alexander Elder was born in Leningrad in the Soviet Union which is now called Saint Petersburg in Russia.,Personal Life
What was Alexander Elder's early family background?,Alexander Elder grew up in a military family because his father served as a physician in the Soviet Navy.,Personal Life
How did Alexander Elder?s childhood influence his personality?,Frequent relocations due to his father?s naval career made him adaptable disciplined and curious about different cultures.,Personal Life
What education did Alexander Elder pursue before trading?,Alexander Elder studied medicine and trained to become a psychiatrist.,Personal Life
Where did Alexander Elder attend medical school?,He attended medical school in the Soviet Union where he specialized in psychiatry.,Personal Life
How did Alexander Elder move to the United States?,Alexander Elder defected from the Soviet Union while working as a ship?s doctor on a Soviet vessel in Africa.,Personal Life
Why did Alexander Elder leave the Soviet Union?,He wanted more personal freedom and professional opportunities which were limited in the Soviet system.,Personal Life
What profession did Alexander Elder practice after arriving in the United States?,After immigrating he worked as a psychiatrist and taught at Columbia University.,Personal Life
How did Alexander Elder become interested in trading?,While working as a psychiatrist he became fascinated with financial markets and began trading stocks and futures.,Personal Life
How did his background in psychiatry influence his trading career?,His understanding of human psychology helped him analyze trader behavior emotions and market sentiment.,Personal Life
What personal skill from psychiatry helped Elder become a better trader?,His ability to recognize emotional biases and psychological patterns helped him develop discipline in trading.,Personal Life
What personal challenges did Alexander Elder face when starting his life in the US?,He had to rebuild his career in a new country while learning about Western financial markets.,Personal Life
Which book made Alexander Elder widely known among traders?,His book Trading for a Living made him widely respected among professional and retail traders.,Personal Life
How did writing books affect Alexander Elder?s career?,Writing books allowed him to share his trading philosophy and establish himself as an educator in trading psychology.,Personal Life
What role does education play in Alexander Elder?s personal philosophy?,He believes continuous learning and self improvement are essential for success in trading and life.,Personal Life
What personal habit helped Alexander Elder become disciplined?,He emphasizes journaling trades and reviewing mistakes as a daily habit.,Personal Life
How does Elder describe the importance of self control?,He believes self control is essential because trading decisions are heavily influenced by emotions.,Personal Life
What influence did Elder?s immigrant experience have on his mindset?,Starting over in a new country strengthened his resilience independence and determination.,Personal Life
What personal values does Alexander Elder emphasize for traders?,He emphasizes discipline patience honesty with oneself and continuous self education.,Personal Life
How did Elder?s medical training influence his analytical thinking?,Medical training taught him to analyze problems carefully and diagnose situations before acting.,Personal Life
What inspired Elder to teach other traders?,His experiences in psychology and trading motivated him to help others avoid emotional mistakes in markets.,Personal Life
How did Elder combine psychology and finance?,He applied psychological theories about behavior emotions and decision making to trading strategies.,Personal Life
What lifestyle perspective does Elder recommend for traders?,He encourages traders to maintain balance between trading work and personal life.,Personal Life
How does Elder view failure in trading?,He considers losses as learning opportunities rather than personal failures.,Personal Life
What role does discipline play in Elder?s personal philosophy?,Discipline helps traders follow their systems instead of emotional impulses.,Personal Life
How did Elder?s early struggles shape his resilience?,Adapting to a new country and profession forced him to become persistent and self reliant.,Personal Life
What motivates Alexander Elder to continue educating traders?,He wants traders to develop independence and psychological strength in the markets.,Personal Life
How does Elder recommend traders handle stress?,He suggests keeping a trading journal reviewing mistakes and maintaining emotional awareness.,Personal Life
What is Elder?s view about personal responsibility in trading?,He believes traders must take full responsibility for their decisions and results.,Personal Life
How does Elder describe the connection between personal growth and trading success?,He believes improving emotional control self awareness and discipline directly improves trading performance.,Personal Life
question,answer,label
What country did Alexander Elder grow up in?,Alexander Elder grew up in the Soviet Union during the Cold War period.,Personal Life
How did growing up in the Soviet Union affect Elder?s worldview?,Growing up in a controlled political system made him value independence and freedom of thought.,Personal Life
What influence did Elder?s parents have on his upbringing?,His father?s disciplined military medical career influenced Elder?s respect for structure and education.,Personal Life
Did Alexander Elder travel during his childhood?,Yes he traveled frequently because his father served in the Soviet Navy.,Personal Life
How did frequent relocations affect Elder?s personality?,Moving often helped him become adaptable and open to new environments.,Personal Life
What type of student was Alexander Elder?,He was academically strong and interested in science and psychology.,Personal Life
Why did Alexander Elder choose psychiatry as a profession?,He was fascinated by human behavior emotions and decision making.,Personal Life
How did psychiatry training shape Elder?s thinking?,Psychiatry helped him understand how emotions influence decisions which later helped his trading.,Personal Life
What major life event allowed Elder to leave the Soviet Union?,He defected from the Soviet Union while working as a ship doctor.,Personal Life
Where did Elder defect from the Soviet Union?,He defected while his ship was docked in Africa.,Personal Life
What risk did Elder take by defecting?,Defecting meant leaving his country permanently and starting life from nothing.,Personal Life
How did Elder begin his new life in the United States?,He continued practicing psychiatry and began exploring financial markets.,Personal Life
Which university was Elder associated with in the United States?,He taught psychiatry at Columbia University.,Personal Life
How did teaching affect Elder?s personal development?,Teaching strengthened his ability to explain complex ideas clearly.,Personal Life
What personal curiosity led Elder to financial markets?,He became curious about how human psychology influences market behavior.,Personal Life
What was Elder?s first experience with trading?,He started trading stocks and futures while working as a psychiatrist.,Personal Life
What mistake did Elder make early in trading?,Like many beginners he initially underestimated the role of discipline and risk control.,Personal Life
What lesson did Elder learn from early trading losses?,He learned that emotional control and structured systems are critical for success.,Personal Life
How did Elder combine his two careers?,He applied psychological insights from psychiatry to trading analysis.,Personal Life
What type of personality traits helped Elder succeed?,Patience discipline analytical thinking and emotional awareness.,Personal Life
What daily routine does Elder encourage for traders?,He recommends reviewing trades keeping journals and studying markets daily.,Personal Life
What is one personal habit Elder promotes?,Maintaining a detailed trading journal to analyze behavior and performance.,Personal Life
Why does Elder emphasize self awareness?,He believes traders must understand their own emotions to control their actions.,Personal Life
How did Elder become a respected trading educator?,Through writing books speaking at seminars and mentoring traders.,Personal Life
What role do books play in Elder?s life?,Books allowed him to spread his knowledge and educate traders worldwide.,Personal Life
What personal philosophy does Elder share with traders?,He encourages traders to develop discipline responsibility and continuous learning.,Personal Life
How does Elder describe the trader?s mindset?,He believes successful traders must think independently and avoid crowd mentality.,Personal Life
What does Elder say about ego in trading?,He warns that ego can cause traders to ignore risks and make poor decisions.,Personal Life
How does Elder recommend traders deal with mistakes?,He advises accepting mistakes quickly and learning from them.,Personal Life
What influence did Elder?s immigrant experience have on his determination?,Starting a new life increased his motivation to succeed.,Personal Life
How does Elder define success in trading?,Success comes from consistent discipline rather than occasional big wins.,Personal Life
What psychological skill does Elder value most?,Emotional discipline in stressful market conditions.,Personal Life
How did Elder?s professional background shape his writing?,His medical and teaching experience helped him communicate ideas clearly.,Personal Life
What kind of lifestyle balance does Elder suggest for traders?,He encourages maintaining health relationships and hobbies outside trading.,Personal Life
Why does Elder stress personal accountability?,Because traders must take responsibility for both profits and losses.,Personal Life
What role does learning from history play in Elder?s philosophy?,Studying past market behavior helps traders understand current market psychology.,Personal Life
How does Elder view the importance of mentors?,He believes mentors can help traders avoid common mistakes.,Personal Life
How did Elder?s personal experiences shape his educational seminars?,He used real trading stories and psychological examples from his life.,Personal Life
Why does Elder emphasize honesty with oneself?,Traders must recognize their own weaknesses to improve performance.,Personal Life
How does Elder encourage traders to improve discipline?,By following structured trading plans and reviewing performance regularly.,Personal Life
What attitude toward money does Elder promote?,He encourages viewing money as a tool rather than an emotional reward.,Personal Life
What personal belief does Elder have about patience?,Patience allows traders to wait for high probability opportunities.,Personal Life
How does Elder define emotional stability in trading?,Remaining calm and rational regardless of profit or loss.,Personal Life
What does Elder say about learning from losing trades?,Losses provide valuable feedback for improving strategies.,Personal Life
How did Elder?s scientific training influence his mindset?,It taught him to rely on evidence observation and structured thinking.,Personal Life
Why does Elder recommend keeping records of trades?,Records help traders analyze patterns and improve decision making.,Personal Life
What personal discipline does Elder apply to trading?,Following predefined rules even during emotional situations.,Personal Life
How does Elder approach self improvement?,Through continuous education reflection and practice.,Personal Life
What psychological challenge do traders often face according to Elder?,Fear and greed affecting decision making.,Personal Life
What advice does Elder give for managing stress?,Maintain routines exercise and step away from screens when necessary.,Personal Life
What role does humility play in Elder?s philosophy?,Humility allows traders to accept mistakes and keep learning.,Personal Life
How does Elder define a professional trader?,Someone who manages risk carefully and follows a consistent system.,Personal Life
How does Elder suggest traders handle success?,Stay disciplined and avoid overconfidence.,Personal Life
What motivates Elder to continue writing and teaching?,Helping traders understand markets and psychology.,Personal Life
How does Elder connect personal growth to trading success?,Improving emotional control improves trading performance.,Personal Life
What personality trait does Elder believe harms traders?,Impulsiveness and lack of patience.,Personal Life
What habit helps traders avoid emotional trading?,Following a written trading plan.,Personal Life
What does Elder say about independence in trading?,Traders should think independently rather than follow market crowds.,Personal Life
Why does Elder encourage reflection?,Reflection helps traders identify patterns in their behavior.,Personal Life
How does Elder describe the importance of preparation?,Preparation reduces emotional decisions during trading.,Personal Life
What role does discipline play in Elder?s life philosophy?,Discipline is necessary for both trading and personal success.,Personal Life
How did Elder?s professional experiences influence his mentorship?,They allowed him to teach practical psychological skills.,Personal Life
What does Elder say about long term development?,Trading skill develops gradually through practice and learning.,Personal Life
What does Elder believe about emotional maturity?,Emotional maturity helps traders manage uncertainty.,Personal Life
How does Elder encourage traders to approach markets?,With curiosity analysis and discipline.,Personal Life
What mindset does Elder believe separates professionals from amateurs?,Professionals focus on process while amateurs focus on quick profits.,Personal Life
How does Elder describe personal responsibility in trading?,Every trading result comes from the trader?s own decisions.,Personal Life
Why does Elder believe self control is essential?,Because markets constantly test a trader?s emotional stability.,Personal Life
What childhood experiences influenced Elder?s curiosity?,Growing up in a disciplined military family taught him curiosity and adaptability.,Personal Life
How did Elder?s parents influence his approach to learning?,His parents valued education and discipline shaping his lifelong habit of learning.,Personal Life
What childhood hobbies did Elder have?,He was interested in reading puzzles and understanding human behavior.,Personal Life
How did the Soviet environment shape Elder?s mindset?,Living in a controlled society made him value independence and self-reliance.,Personal Life
What role did discipline play in Elder?s early life?,Discipline was instilled from his father?s military background influencing his work ethic.,Personal Life
How did Elder handle early challenges?,He developed resilience and adaptability due to frequent relocations.,Personal Life
What inspired Elder to study medicine?,A fascination with human behavior and helping people guided him toward psychiatry.,Personal Life
How did his medical training influence his analytical skills?,Medical studies taught him to observe carefully and analyze patterns systematically.,Personal Life
What was Elder?s first exposure to financial markets?,He started experimenting with stock trading while working as a psychiatrist.,Personal Life
How did Elder combine psychiatry and trading?,He used psychological insights to understand market behavior and trader emotions.,Personal Life
What personal habits does Elder recommend for traders?,Maintaining a trading journal and self-review for continuous improvement.,Personal Life
How did Elder adapt to life in the US?,He learned new professional norms and rebuilt his career as a psychiatrist and trader.,Personal Life
What challenges did Elder face immigrating to the US?,Language barriers career restart and adjusting to a new society.,Personal Life
How did Elder maintain focus during transitions?,Through discipline routines and goal-oriented planning.,Personal Life
What inspired Elder to write books?,To share knowledge about trading psychology and techniques with a wider audience.,Personal Life
How does Elder describe patience in trading?,As a critical skill to wait for high-probability setups rather than rush decisions.,Personal Life
What personal failures shaped Elder?s career?,Early trading mistakes taught him the importance of risk management and discipline.,Personal Life
How does Elder handle stress personally?,He practices structured routines reflection and journaling.,Personal Life
What role does humility play in Elder?s personal life?,Humility allows him to continue learning and accept mistakes.,Personal Life
How does Elder view money?,As a tool for achieving goals rather than an emotional reward.,Personal Life
What daily routine does Elder follow?,He reviews markets studies trading patterns and journals his actions.,Personal Life
How does Elder maintain discipline?,By sticking to pre-defined trading rules and reviewing performance regularly.,Personal Life
What personal values guide Elder?s trading?,Integrity responsibility patience and continuous learning.,Personal Life
How did Elder?s background in psychiatry help traders?,It provides insight into managing emotions and understanding behavioral biases.,Personal Life
What motivates Elder in his career?,Helping traders achieve independence and emotional control in markets.,Personal Life
How does Elder describe self-control?,The ability to follow rules and manage impulses even under stress.,Personal Life
How did Elder?s upbringing influence resilience?,Frequent relocations and challenges strengthened his independence.,Personal Life
What mindset does Elder recommend for learning?,Curiosity persistence and self-reflection.,Personal Life
How does Elder handle setbacks?,He treats them as learning opportunities to improve strategies.,Personal Life
What personal strengths helped Elder succeed?,Discipline analytical thinking emotional awareness and patience.,Personal Life
How does Elder stay organized?,Through detailed journaling and structured routines.,Personal Life
What role does reading play in Elder?s personal growth?,It provides new ideas strategies and psychological insights.,Personal Life
How does Elder maintain balance in life?,By prioritizing health relationships and hobbies alongside trading.,Personal Life
How does Elder define success?,Consistent discipline and emotional control not occasional profits.,Personal Life
How did Elder?s early struggles influence his teaching style?,They gave him empathy and practical insights for mentoring traders.,Personal Life
What lessons did Elder learn from mistakes?,Importance of risk control emotional discipline and system adherence.,Personal Life
How does Elder stay motivated?,By focusing on long-term development and helping others succeed.,Personal Life
How does Elder deal with fear and greed?,Through awareness reflection and adherence to trading rules.,Personal Life
What personal qualities distinguish professional traders?,Patience discipline responsibility and emotional control.,Personal Life
How does Elder encourage self-reflection?,By reviewing trades and analyzing emotional responses.,Personal Life
How does Elder define mental toughness?,Ability to stay calm disciplined and consistent under pressure.,Personal Life
What hobbies does Elder pursue outside trading?,He enjoys reading teaching and writing.,Personal Life
How does Elder approach challenges?,With structured analysis patience and calm reasoning.,Personal Life
How does Elder describe adaptability?,Ability to adjust strategies to changing conditions without panic.,Personal Life
How does Elder use journaling personally?,To track decisions review mistakes and improve self-awareness.,Personal Life
What personal habits improve focus?,Consistent routines goal-setting and eliminating distractions.,Personal Life
How does Elder define responsibility?,Taking full ownership of actions and results.,Personal Life
How did Elder?s early life teach perseverance?,Frequent challenges required persistence and resilience.,Personal Life
What personal trait is most important in trading?,Discipline to follow systems and control emotions.,Personal Life
How does Elder approach learning from losses?,By analyzing the mistake and applying lessons to future trades.,Personal Life
How does Elder maintain mental clarity?,Through meditation reflection and organized routines.,Personal Life
What personal principle guides trading decisions?,Follow rules consistently and avoid emotional impulses.,Personal Life
How does Elder describe self-awareness?,Understanding personal emotions and reactions in decision-making.,Personal Life
How does Elder manage work-life balance?,By prioritizing both professional and personal health and relationships.,Personal Life
How did Elder?s immigrant journey affect his perspective?,It strengthened independence resilience and adaptability.,Personal Life
How does Elder handle success personally?,Stay humble disciplined and focused on long-term goals.,Personal Life
What role does reflection play in Elder?s life?,It helps identify patterns and improve decision-making.,Personal Life
How does Elder approach personal growth?,Through continuous education self-analysis and experience.,Personal Life
What mindset does Elder promote for traders?,Independence analytical thinking and emotional discipline.,Personal Life
How does Elder describe patience personally?,Waiting for the right opportunities and avoiding impulsive decisions.,Personal Life
How does Elder handle disappointment?,He views it as a chance to learn and improve.,Personal Life
How does Elder describe emotional control?,Ability to make decisions based on logic not emotions.,Personal Life
How does Elder approach risk personally?,By being cautious disciplined and prepared for losses.,Personal Life
How does Elder maintain long-term perspective?,By focusing on process and improvement rather than short-term results.,Personal Life
What personal habits reduce stress?,Exercise reflection journaling and structured routines.,Personal Life
How does Elder teach responsibility?,By emphasizing accountability for all trading outcomes.,Personal Life
How does Elder promote continuous improvement?,By encouraging self-analysis and learning from experience.,Personal Life
How does Elder manage fear?,By following rules and relying on disciplined strategies.,Personal Life
What personal habits build resilience?,Persistence structured routines and learning from setbacks.,Personal Life
How does Elder stay disciplined?,By strictly following trading plans and avoiding emotional decisions.,Personal Life
How does Elder maintain focus on goals?,Through planning journaling and reflection.,Personal Life
How does Elder?s background in psychiatry help personal development?,It improves understanding of emotions and behavior.,Personal Life
How does Elder view professional growth?,It is a continuous process of learning and self-improvement.,Personal Life
How does Elder maintain emotional stability?,Through awareness journaling and consistent routines.,Personal Life
How does Elder approach self-control?,By recognizing impulses and making conscious decisions.,Personal Life
What role does humility play in trading?,Accepting mistakes and staying open to learning.,Personal Life
How does Elder define self-discipline?,Following systems consistently regardless of emotions.,Personal Life
How does Elder view setbacks?,As lessons that improve future performance.,Personal Life
How does Elder manage personal motivation?,By focusing on improvement and helping others.,Personal Life
How does Elder balance ambition and patience?,By setting realistic goals and waiting for high-probability opportunities.,Personal Life
How does Elder?s personal life influence his trading?,Life experiences shaped his discipline resilience and emotional control.,Personal Life
How does Elder encourage mental clarity?,Through structured routines and focused reflection.,Personal Life
How does Elder approach decision-making?,By combining analysis discipline and emotional awareness.,Personal Life
How does Elder maintain perspective on losses?,Seeing them as part of learning rather than personal failure.,Personal Life
How does Elder describe patience in personal growth?,It requires practice self-awareness and consistent effort.,Personal Life
How does Elder manage stress from markets?,Through routines reflection and journaling.,Personal Life
How does Elder stay committed to learning?,By dedicating time to study analyze and reflect regularly.,Personal Life
How does Elder connect psychology to trading personally?,By applying insights from human behavior to decision-making.,Personal Life
How does Elder build resilience personally?,Through experience reflection and disciplined routines.,Personal Life
How does Elder maintain emotional intelligence?,By tracking emotions and responses in journals.,Personal Life
How does Elder promote accountability?,By taking responsibility for all trading outcomes.,Personal Life
How does Elder develop long-term focus?,By prioritizing process over immediate gains.,Personal Life
How does Elder approach challenges personally?,With calm analysis structured planning and patience.,Personal Life
How does Elder maintain mental toughness?,Through consistent practice reflection and emotional discipline.,Personal Life
How does Elder promote personal growth?,By continuous learning self-reflection and disciplined practice.,Personal Life
How does Elder deal with uncertainty?,By relying on rules systems and emotional control.,Personal Life
How does Elder maintain consistency?,Through habits routines and disciplined execution.,Personal Life
