Question,Answer,Label,,
How does Elder recommend adjusting position size during market transitions?,Elder recommends reducing position sizes significantly during market transitions until the new regime becomes clear and reliable signals resume.,Adaptability,,
What should a trader do when their primary entry signal stops generating profits?,"A trader should immediately reduce reliance on that signal, conduct backtesting to understand why it failed, and identify alternative setups that remain reliable.",Adaptability,,
How does Elder advise traders to identify when the market has fundamentally shifted?,Elder recommends monitoring the equity curve constantly. A significant drawdown signals that market structure may have changed and the system requires evaluation.,Adaptability,,
What is Elder's first step when a trading system begins underperforming?,Elder's first step is to verify that the system is being applied correctly. Only after confirming proper execution should the trader assume the market has shifted.,Adaptability,,
How should a trader adapt their timeframe selection based on available trading time?,A trader with limited time can adjust from daily to 4-hour or hourly charts while maintaining the same Triple Screen principles across three timeframes.,Adaptability,,
What does Elder teach about maintaining system flexibility?,"Elder teaches that a flexible system with simple, robust rules outperforms a complex system that doesn't adapt. Simplicity enables faster adjustments when needed.",Adaptability,,
How does Elder recommend handling a period of whipsaws and false breakouts?,"During whipsaw periods, Elder advises reducing position size immediately and waiting for stronger confirmations before resuming normal trading activity.",Adaptability,,
What should traders monitor continuously to catch market regime changes early?,Traders should monitor their personal equity curve and the behavior of their preferred indicators. Changes in either signal that adaptation may be needed.,Adaptability,,
How does Elder advise adapting to increasing market volatility?,"When volatility increases, Elder recommends widening stop-loss placements proportionally while reducing position sizes to maintain constant dollar risk per trade.",Adaptability,,
What is Elder's principle for adapting entries when pullbacks become shallower?,"If pullbacks to the EMA are becoming too shallow to trade reliably, Elder adapts by entering slightly above the EMA rather than waiting for a deep pullback.",Adaptability,,
How should a trader respond when their oscillator signals frequently create whipsaws?,"A trader should reduce oscillator reliance temporarily, requiring additional price action confirmation or waiting only for the most extreme readings.",Adaptability,,
What does Elder say about continuing to trade a system that no longer fits the market?,Continuing to trade a failed system is extremely costly. Elder emphasizes that recognizing failure quickly and adapting is far better than hoping for recovery.,Adaptability,,
How does Elder recommend traders transition from bull to bear market trading?,"Traders should gradually reduce long positions and increase short positions as the weekly MACD histogram deteriorates, rather than making abrupt directional switches.",Adaptability,,
What should a trader do when they notice their stop-losses are being hit too frequently?,Frequent stop-outs suggest either poor entry timing or a market that requires wider stops. Elder recommends analyzing the pattern before assuming the stops are wrong.,Adaptability,,
How does Elder advise traders to handle sudden spikes in trading volume?,Volume spikes often signal genuine moves rather than noise. Elder recommends increasing slightly in the direction of volume spikes and reducing against them.,Adaptability,,
What is Elder's approach to adapting risk management during extreme volatility?,"During extreme volatility, Elder recommends cutting position sizes in half immediately, regardless of the specific trade setup or technical signal.",Adaptability,,
How should traders adapt when their favorite indicator becomes widely adopted by other traders?,"When an indicator becomes crowded, Elder recommends requiring additional confirmation from price action or volume, as front-running by others may distort signals.",Adaptability,,
What does Elder teach about the dangers of over-adapting a system?,Over-adapting or over-optimizing a system makes it fit the past perfectly while failing in the future. Elder recommends keeping modifications conservative and evidence-based.,Adaptability,,
How does Elder recommend traders identify when an adaptation was successful?,"After making a system modification, Elder recommends backtesting the new version and forward-testing with small size before scaling up to normal position sizes.",Adaptability,,
What should a trader prioritize when facing conflicting market signals?,Elder teaches prioritizing the higher timeframe signal when signals conflict. The weekly trend (First Screen) always overrides daily or hourly signals.,Adaptability,,
How does Elder advise traders to handle a market that gaps repeatedly against them?,Repeated gapping in one direction suggests the trader is on the wrong side of the trend. Elder recommends reversing bias and trading in the direction of the gaps.,Adaptability,,
What is Elder's recommendation when support or resistance levels no longer hold?,"When key levels break and don't act as support/resistance anymore, Elder recommends identifying new levels based on recent price action.",Adaptability,,
How should traders adapt their profit-taking when market conditions become less volatile?,"In low-volatility environments, Elder recommends taking profits at smaller levels and accepting more frequent smaller wins rather than waiting for large moves.",Adaptability,,
What does Elder say about adapting to changes in market liquidity?,Declining liquidity requires immediate position size reduction. Large positions that worked in liquid markets can create slippage problems in illiquid conditions.,Adaptability,,
How does Elder recommend traders handle news-driven volatility spikes?,"During news events, Elder advises widening stops, reducing position sizes, or stepping aside entirely until volatility normalizes.",Adaptability,,
What should a trader do when their system generates too many entry opportunities?,Too many signals often indicates overbought or oversold conditions. Elder recommends filtering signals to only trade in the direction of the main trend.,Adaptability,,
How does Elder advise traders to adapt when the EMA ceases to act as support or resistance?,"If the EMA stops functioning as a value zone, Elder recommends anchoring to alternative moving averages or focusing on round numbers and prior swing points.",Adaptability,,
What is Elder's principle for adapting to the changing nature of market cycles?,Market cycles evolve and lengthen or shorten over time. Traders should periodically reassess cycle length and adapt their timeframe selections accordingly.,Adaptability,,
How should traders adapt when experiencing a series of losses despite following their system?,A series of losses following the system correctly suggests market regime change. Elder recommends reducing size and conducting thorough analysis before resuming.,Adaptability,,
What does Elder teach about the relationship between system complexity and adaptability?,Simpler systems adapt faster and more reliably. Complex systems with many parameters require more time to understand when adjustments are needed.,Adaptability,,
How does Elder recommend traders handle the opening range of a trading day?,"If opening range volatility is high, traders should widen stops and reduce initial position sizes until the market establishes clearer direction.",Adaptability,,
What should a trader monitor to recognize when their system needs adjustment?,"Traders should monitor win rate, average win versus average loss, drawdown duration and depth, and periods when the system generates no setups.",Adaptability,,
How does Elder advise adapting to sectors or stocks that move differently than the broad market?,"When a sector decouples from the market, Elder recommends studying the individual technical chart rather than assuming it will track the market.",Adaptability,,
What is Elder's recommendation for traders whose primary market becomes illiquid?,Illiquid markets are unsuitable for reliable system application. Elder recommends identifying alternative liquid markets where the same principles apply.,Adaptability,,
How should traders adapt when their equity curve shows a decline deeper than any previous drawdown?,A record drawdown is a major warning sign. Elder recommends cutting position sizes by 50% and conducting comprehensive review before scaling back up.,Adaptability,,
What does Elder teach about adapting to unexpected geopolitical or economic shocks?,"Major shocks require immediate action: tighten stops, reduce size, and potentially exit positions until the market absorbs the shock and patterns normalize.",Adaptability,,
How does Elder recommend traders handle the transition into and out of market holidays?,"Around holidays, liquidity often declines and volatility patterns change. Elder recommends reducing position sizes or avoiding trading during holiday periods.",Adaptability,,
What should a trader do when they notice their entries are consistently late in developing moves?,Late entries suggest slower reaction time or stricter entry requirements. Elder recommends either advancing the timeframe of entries or accepting that the setup may have passed.,Adaptability,,
How does Elder advise traders to adapt when oscillators become unreliable in choppy markets?,"In choppy conditions, Elder recommends reducing oscillator weight and instead focusing on price extremes and support/resistance bounces.",Adaptability,,
What is Elder's approach to adapting when the 6% Rule forces a monthly pause?,"The pause is an opportunity to diagnose what went wrong. Elder recommends reviewing trades, identifying patterns in losses, and modifying the approach.",Adaptability,,
How should traders adapt their discipline when they are on a winning streak?,Winning streaks breed overconfidence. Elder recommends sticking even more strictly to position-sizing rules and not increasing size during hot periods.,Adaptability,,
What does Elder teach about adapting to the speed at which markets move?,Modern markets move faster due to technology. Elder recommends using shorter timeframes for entries and maintaining tighter discipline for timely execution.,Adaptability,,
How does Elder recommend adapting when correlation structures suddenly break down?,Correlation breakdowns reduce diversification benefits. Elder recommends immediately reducing total portfolio size to account for reduced portfolio protection.,Adaptability,,
What should a trader prioritize when multiple market timeframes give conflicting signals?,Elder prioritizes the longest timeframe (weekly for daily traders) as the ground truth. Intermediate and short-term signals should align with or confirm the weekly direction.,Adaptability,,
How does Elder advise traders to handle markets that are in fundamental transition?,"During fundamental transitions (policy changes, structural shifts), Elder recommends reducing size or stepping aside until technical patterns re-establish themselves clearly.",Adaptability,,
What is Elder's recommendation for adapting when a key support level is violated decisively?,A decisive break of support suggests structure has changed. Elder recommends identifying new support levels and potentially reversing bias to the downside.,Adaptability,,
How should traders adapt their expectations when entering choppy or ranging markets?,"In ranging markets, Elder recommends expecting smaller moves, accepting more frequent stop-outs, and being satisfied with many small wins rather than few large ones.",Adaptability,,
What does Elder teach about adapting when your system works in backtests but fails in real trading?,"Backtesting perfection signals over-optimization. Elder recommends simplifying parameters, testing in multiple market periods, and accepting real-time slippage.",Adaptability,,
How does Elder recommend traders adapt when trading costs or commissions increase?,Higher costs reduce profitability on each trade. Elder recommends either reducing trade frequency to ensure better risk-reward or requiring higher winning percentages.,Adaptability,,
What should a trader do when they notice their preferred setup is being front-run by other traders?,"Front-running suggests the setup has become crowded. Elder recommends slight timing adjustments, additional confirmation requirements, or focusing on alternative setups.",Adaptability,,
How does Elder advise traders to handle extended periods without any trading setups?,"No setups suggest the market is not aligned with the system. Rather than forcing trades, Elder recommends stepping aside and waiting for clear alignment.",Adaptability,,
What is Elder's principle for adapting position sizes to the equity curve?,Position size should scale with equity. A declining equity curve requires immediate size reduction to prevent further damage.,Adaptability,,
How should traders adapt when their journal reveals repeated losses on a specific setup?,Repeated losses on one setup should eliminate it from the trading plan. Elder recommends removing failed patterns and focusing on setups with positive track records.,Adaptability,,
What does Elder teach about adapting to the behavior of major institutions or smart money?,"When Elder observes unusual institutional buying or selling, he adapts by adjusting bias toward those transactions, as they often precede significant moves.",Adaptability,,
How does Elder recommend adapting when implied volatility reaches historical extremes?,Extreme volatility suggests big moves are expected. Elder recommends either widening stops significantly or reducing size to 25-50% of normal.,Adaptability,,
What should a trader do when they discover their system performs opposite to original expectations?,"If the system consistently generates profits in the opposite direction than designed, Elder recommends flipping the system and trading the opposite signals.",Adaptability,,
How does Elder advise traders to adapt when the market becomes dominated by different types of participants?,Changes in participant composition (retail vs. institutional) alter price action and volatility. Elder recommends studying the new patterns and adapting accordingly.,Adaptability,,
What is Elder's approach to adapting when a Bull Power or Bear Power reading becomes extreme?,Extreme Elder-Ray readings suggest potential reversals. Elder adapts by taking profits more aggressively and tightening stops when readings reach new extremes.,Adaptability,,
How should traders adapt their trading plan when personal circumstances change dramatically?,Major life changes may reduce available trading time or increase stress. Elder recommends scaling position sizes down or shifting to longer timeframes that require less monitoring.,Adaptability,,
What does Elder teach about adapting to the changing relationship between price and volume?,"When price and volume diverge (price rising on falling volume or vice versa), Elder treats this as a weakness signal and adapts by reducing position sizes.",Adaptability,,
How does Elder recommend traders handle unexpected insider trading announcements or major news?,Major news should trigger immediate stops or exits if positioned against the news. Elder recommends reviewing whether the system missed signals before the announcement.,Adaptability,,
What should a trader do when their moving average selections stop providing clear trends?,"If moving averages stop defining trends clearly, Elder recommends temporarily reducing trade size, changing EMA periods, or focusing on price action levels instead.",Adaptability,,
How does Elder advise traders to adapt when Fed policy or central bank actions shift?,Central bank policy changes require system review. Elder recommends pausing normal trading and increasing position sizes only after observing how the market digests the change.,Adaptability,,
What is Elder's principle for adapting when daily ranges expand beyond historical norms?,Expanded ranges suggest increased volatility. Elder immediately recommends reducing position sizes proportionally to maintain the 2% risk per trade.,Adaptability,,
How should traders adapt their risk management when entering a 'dead market'?,"Dead markets generate few setups and frequent whipsaws. Elder recommends immediately exiting dead markets and redirecting capital to more liquid, tradeable instruments.",Adaptability,,
What does Elder teach about adapting to the impact of algorithmic trading?,Algorithmic trading creates more whipsaws and false breakouts. Elder adapts by requiring volume confirmation of breakouts and being selective about setups.,Adaptability,,
How does Elder recommend traders handle the transition from downtrend to uptrend?,"As the trend transitions, Elder gradually shifts from primarily shorting rallies to primarily buying dips, watching the MACD histogram for the turning point.",Adaptability,,
What should a trader do when they observe their stops are too loose and allowing large losses?,Loose stops suggest poor risk definition. Elder recommends tightening stops to reflect recent price structure and accepting more frequent stops if necessary.,Adaptability,,
How does Elder advise traders to adapt when sector rotation accelerates?,Rapid sector rotation requires more frequent portfolio rebalancing. Elder recommends tracking sector strength and reducing allocation to deteriorating sectors.,Adaptability,,
What is Elder's approach to adapting when support and resistance become less clear?,Unclear levels suggest the market is transitioning. Elder recommends focusing on recent swing points rather than historical levels during transition periods.,Adaptability,,
How should traders adapt their expectations when entering lower-timeframe trading?,"Lower timeframe trading produces more noise and false signals. Elder recommends accepting smaller moves, more frequent stops, and requiring stricter confirmations.",Adaptability,,
What does Elder teach about adapting to the relationship between risk and reward in trades?,"If risk-reward ratios deteriorate due to tighter stops or wider targets, Elder recommends either taking profits earlier or accepting lower win rates.",Adaptability,,
How does Elder recommend traders handle the opening of major markets or indices?,Opening volatility often creates false breakouts. Elder recommends waiting 30-60 minutes for the opening range to establish before relying on early signals.,Adaptability,,
What should a trader do when they notice increasing correlation between normally uncorrelated assets?,Increasing correlation suggests systemic risk is rising. Elder recommends reducing portfolio size or diversifying into uncorrelated markets.,Adaptability,,
How does Elder advise traders to adapt when their preferred indicator reaches values never seen before?,Extreme indicator values suggest the market is moving in previously unseen territory. Elder recommends reducing size and waiting for price to establish new equilibrium.,Adaptability,,
What is Elder's principle for adapting to changes in trading hours or session times?,Session changes affect liquidity and volatility patterns. Traders should study how the new schedule changes price action and adjust position sizes accordingly.,Adaptability,,
How should traders adapt when experiencing multiple stop-outs in consecutive trades?,Multiple consecutive stops suggest the entry timing or system alignment is off. Elder recommends pausing and reassessing before resuming normal trading.,Adaptability,,
What does Elder teach about adapting to the pace of technical setup formation?,"If technical setups form much slower or faster than historical norms, this suggests market regime has changed and trading parameters need adjustment.",Adaptability,,
How does Elder recommend traders handle earnings season volatility?,Earnings create gap risk. Elder recommends either avoiding stocks near earnings or accepting that stops may be gapped through without fill.,Adaptability,,
What should a trader do when technical analysis stops explaining price movement?,"When technicals stop working, fundamental shifts may be occurring. Elder recommends stepping back, reducing size, and waiting for patterns to re-establish.",Adaptability,,
How does Elder advise traders to adapt when the distance between consecutive highs or lows increases?,Widening distances between extremes suggest acceleration. Elder adapts by widening stops and accepting larger drawdowns while waiting for the acceleration to moderate.,Adaptability,,
What is Elder's approach to adapting when system parameters that worked historically become ineffective?,Parameters that worked in past environments may need adjustment. Elder recommends regular backtesting to identify when parameter updates are needed.,Adaptability,,
How should traders adapt their discipline when they have just experienced a major loss?,"After a major loss, Elder strongly recommends cutting position sizes by 50% and rebuilding confidence through smaller, winning trades before scaling back up.",Adaptability,,
What does Elder teach about adapting to changing competitive dynamics in trading?,"As more traders adopt similar systems, Elder recommends either improving the system with additional filters or accepting that the edge may diminish.",Adaptability,,
How does Elder recommend traders handle the adaptation process itself?,The adaptation process must be methodical and evidence-based. Never adapt reactively to one loss; instead wait for patterns to emerge before modifying.,Adaptability,,
What should a trader prioritize when multiple factors suggest the need for simultaneous adaptations?,"When multiple factors signal change simultaneously, Elder recommends making ONE adaptation at a time and testing thoroughly before adding others.",Adaptability,,
How does Elder advise traders to document and track the effectiveness of system changes?,Every system modification should be backtested and forward-tested with small size. Results must be documented to determine if the change genuinely improved performance.,Adaptability,,
What is Elder's final principle about the relationship between flexibility and consistency?,Trading requires both consistency in following the basic plan and flexibility in adapting when market conditions genuinely warrant it. The key is knowing which situations demand which response.,Adaptability,,
How should traders adapt their analysis when entering a newly traded security?,"For newly listed securities with limited price history, Elder recommends trading smaller initially and studying how the security responds to similar technical setups.",Adaptability,,
What does Elder teach about adapting to changes in market maker spreads?,Wider spreads reduce profitability. Elder adapts by requiring larger profit targets and focusing on more liquid trading periods to minimize spread impact.,Adaptability,,
How does Elder recommend adapting when the relationship between price and moving averages breaks down?,"If price repeatedly penetrates moving averages without treating them as support or resistance, Elder recommends adjusting the EMA period or switching to alternative reference levels.",Adaptability,,
What should a trader do when their system works well in certain stocks but not others?,"If the system has an edge only in specific stocks, Elder recommends concentrating capital on those stocks and avoiding applying the system broadly.",Adaptability,,
How does Elder advise traders to adapt when witnessing unusual insider trading or announcement patterns?,Unusual insider activity often precedes significant moves. Elder adapts by increasing confidence in that signal and potentially advancing entry timing.,Adaptability,,
What is Elder's principle for adapting when the equity curve enters new all-time low territory?,New lows require immediate and significant action: cut position sizes to 25% of normal and conduct comprehensive system and execution review.,Adaptability,,
How should traders adapt their expectations during the consolidation period after a major move?,"After large moves, Elder recommends expecting consolidation and reducing trading activity or position size until new breakouts form.",Adaptability,,
What does Elder teach about adapting to the behavior of round numbers and psychological levels?,Round numbers become stronger support and resistance as more traders use them. Elder adapts by giving these levels more respect in position sizing.,Adaptability,,
How does Elder recommend adapting when the force and conviction behind price moves diminish?,"Weakening momentum, even with rising price, is a warning sign. Elder adapts by reducing position sizes and tightening stops immediately.",Adaptability,,
What should a trader do when notice their winning trades cluster around certain times of day?,Clustered wins suggest certain times have better conditions for the system. Elder recommends trading more aggressively during optimal times and reducing size otherwise.,Adaptability,,
How does Elder advise traders to adapt when their preferred oscillator reaches a level never seen before?,Extreme territory suggests volatility is expanding. Elder recommends taking profits earlier and widening stops to accommodate the new volatility regime.,Adaptability,,
What is Elder's approach to adapting when traditional support/resistance levels are broken decisively?,Decisive breaks suggest the market has shifted to a new equilibrium. Elder recommends identifying new support/resistance levels and adapting bias accordingly.,Adaptability,,
How should traders adapt their analysis when the MACD histogram becomes extremely extended?,Extremely extended MACD readings suggest unsustainable moves. Elder adapts by taking profits more aggressively and waiting for pullbacks to re-enter.,Adaptability,,
What does Elder teach about adapting to declining numbers of trading setups?,Declining setups suggest the market is not aligned with the system. Elder recommends stepping aside completely rather than forcing trades.,Adaptability,,
How does Elder recommend adapting when you notice your journal shows losses cluster after wins?,Clustering pattern suggests overconfidence after wins. Elder recommends cutting position sizes after wins to address the behavioral pattern.,Adaptability,,
What should a trader do when their stop-loss level coincides with a major support level?,Risk-reward improves when stops align with technical structure. Elder recommends using slightly wider stops that place them beyond major technical levels.,Adaptability,,
How does Elder advise traders to adapt when experiencing consistent slippage on entries?,Consistent slippage suggests entry timing is too tight. Elder recommends entering with limit orders further away from the market or waiting for better entry conditions.,Adaptability,,
What is Elder's principle for adapting when the equity curve enters a prolonged sideways period?,Sideways equity curves suggest neither profit nor loss. Elder recommends reviewing the system to understand whether it's working or in a neutral regime.,Adaptability,,
How should traders adapt their position sizing during periods of increasing correlation between positions?,Increasing correlation reduces diversification. Elder recommends reducing total portfolio size to account for reduced portfolio protection.,Adaptability,,
What does Elder teach about adapting to the impact of dividend payments on technical analysis?,"Dividends can distort price action. During ex-dividend periods, Elder recommends widening technical expectations and accepting less precise pattern matches.",Adaptability,,
How does Elder recommend adapting when the market exhibits extreme skewness in returns?,Extreme skew suggests potential structural change. Elder adapts by reviewing whether system assumptions still fit the new return distribution.,Adaptability,,
What should a trader do when their system generates the same signal repeatedly without execution?,Repeated signals without execution suggest market structure doesn't allow completion. Elder recommends pausing the system until conditions clarify.,Adaptability,,
How does Elder advise traders to adapt when facing decisions between two conflicting legitimate trades?,Conflicting legitimate setups suggest caution is warranted. Elder recommends trading only the highest-conviction setup and skipping the conflicting signal.,Adaptability,,
What is Elder's approach to adapting when the relationship between volume and price becomes inverted?,Volume divergences (price up on declining volume or vice versa) signal weakness. Elder immediately reduces position sizes in the weakening direction.,Adaptability,,
How should traders adapt their strategy when the cost of being wrong increases materially?,Higher cost of losses demands higher conviction. Elder recommends trading only the A-grade setups that meet all three screens perfectly.,Adaptability,,
What does Elder teach about adapting to the acceleration and deceleration of price moves?,Accelerating moves suggest momentum is building. Decelerating moves suggest reversal may be coming. Position sizes should reflect momentum direction.,Adaptability,,
How does Elder recommend adapting when technical indicators give conflicting signals repeatedly?,Repeated conflicts suggest the market is transitioning. Elder recommends reducing size and waiting for clearer agreement before trading aggressively.,Adaptability,,
What should a trader do when their breakout entries stop working as well as they once did?,Failing breakouts suggest the market is becoming choppy. Elder recommends shifting emphasis toward oscillator extremes and range-bound entries.,Adaptability,,
How does Elder advise traders to adapt when observing unusual patterns in the open-close relationship?,Unusual open-close patterns may indicate new market conditions. Elder recommends studying the pattern for several days before adjusting the system.,Adaptability,,
What is Elder's principle for adapting when leverage or margin requirements suddenly increase?,Increased margin requirements reduce the effective leverage available. Elder recommends cutting position sizes proportionally or stepping aside temporarily.,Adaptability,,
How should traders adapt their discipline when trading time constraints become tighter?,Tighter time constraints demand simpler systems. Elder recommends shifting to longer timeframes that require less monitoring.,Adaptability,,
What does Elder teach about adapting when your psychological tolerance for drawdown decreases?,Reduced psychological tolerance requires smaller positions. Elder recommends cutting size to a level that allows comfortable rule-following.,Adaptability,,
How does Elder recommend adapting when the markets enter a period of structural change?,Structural changes require system re-evaluation. Elder recommends reducing size and forward-testing before scaling back to normal sizing.,Adaptability,,
What should a trader do when their primary profit source begins deteriorating?,Deteriorating profits signal the edge is fading. Elder recommends immediately diversifying to other profitable trade setups.,Adaptability,,
How does Elder advise traders to adapt when the pattern of False starts increases?,Increasing false starts suggest entry timing is off. Elder recommends waiting for additional confirmation or advancing entry triggers slightly.,Adaptability,,
What is Elder's approach to adapting when equity curve volatility increases significantly?,Increased equity curve volatility suggests position sizes are too large for current conditions. Elder recommends cutting size immediately.,Adaptability,,
How should traders adapt when they notice their exits lag optimal exit points?,Lagging exits suggest profit targets are too wide or exit rules are too loose. Elder recommends tightening exit criteria.,Adaptability,,
What does Elder teach about adapting to the concentration versus diversification trade-off?,Concentrated positions offer larger wins but higher drawdowns. Diversified positions offer smoother curves but smaller individual wins. The choice depends on psychological tolerance.,Adaptability,,
How does Elder recommend adapting when the average holding period of trades changes?,Changing holding periods suggest market conditions or volatility have shifted. Adapt position sizes to reflect the new expected holding period.,Adaptability,,
What should a trader do when technical patterns that worked for years suddenly fail?,Long-term pattern failure is a major signal. Elder recommends phasing out the failing pattern gradually while increasing reliance on other setups.,Adaptability,,
How does Elder advise traders to adapt when the market begins to anticipate technical signals?,Market anticipation of signals suggests others are using similar systems. Elder recommends entering slightly earlier or requiring additional confirmation.,Adaptability,,
What is Elder's principle for adapting when personal risk tolerance shifts?,Changes in risk tolerance demand immediate position size adjustment. Never trade sizes that exceed your psychological comfort level.,Adaptability,,
How should traders adapt their approach when facing a market with extreme value dispersion?,Extreme value dispersion requires flexibility in targets and stops. Elder recommends accepting wider ranges for both profit and loss.,Adaptability,,
What does Elder teach about adapting to the disappearance of historical key levels?,"When historical levels lose relevance, this signals market structure has changed. Elder recommends identifying new reference levels immediately.",Adaptability,,
How does Elder recommend adapting when indicators you relied on become unreliable?,Unreliable indicators should be removed from the system. Test alternative indicators immediately or rely more heavily on price action.,Adaptability,,
What should a trader do when their system's performance in backtests diverges significantly from forward performance?,Large discrepancies between backtested and real performance suggest over-optimization. Elder recommends simplifying and re-testing with more conservative parameters.,Adaptability,,
How does Elder advise traders to adapt when the frequency of breakouts diminishes?,Fewer breakouts suggest the market is ranging. Elder adapts by shifting emphasis from breakout-based to oscillator-based entries.,Adaptability,,
What is Elder's approach to adapting when market personality changes from volatile to placid?,Placid markets require different position sizing and entry strategies. Elder recommends accepting smaller wins and maintaining discipline.,Adaptability,,
How should traders adapt their position management when trades hit targets much faster than expected?,Fast targets suggest prices are moving strongly. Elder recommends taking profits and looking for new setups rather than moving targets further.,Adaptability,,
What does Elder teach about adapting when one direction dominates overwhelmingly?,Directional dominance suggests bias toward that direction. Elder adapts by trading the dominant direction more aggressively and the other cautiously.,Adaptability,,
How does Elder recommend adapting when the internal dynamics of your primary market deteriorate?,Deteriorating market dynamics suggest trading elsewhere. Elder recommends identifying alternative markets where conditions remain favorable.,Adaptability,,
What should a trader do when their system requires increasing amounts of active management?,Increasing management demands suggest the system is becoming unsuitable for current conditions. Elder recommends either simplifying or pausing.,Adaptability,,
How does Elder advise traders to adapt when observing unusual patterns in institutional order flow?,Unusual institutional patterns often signal significant moves ahead. Elder adapts by increasing position size and conviction in the likely direction.,Adaptability,,
What is Elder's principle for adapting when the definition of support and resistance becomes ambiguous?,Ambiguous levels require avoiding the ambiguous zone. Elder recommends trading only when clearly above or below key levels.,Adaptability,,
How should traders adapt when they realize their entries consistently occur at poor price levels?,Poor entry timing suggests either late signal detection or entry rule issues. Elder recommends either advancing entry or accepting slightly worse fills.,Adaptability,,
What does Elder teach about adapting when the ratio of wins to losses begins deteriorating?,Deteriorating win rates suggest edge is fading. Elder recommends immediately reducing size or pausing until rate recovers.,Adaptability,,
How does Elder recommend adapting your entire approach when your system requires continuous tweaking?,Continuous tweaking suggests over-optimization. Elder recommends returning to basics with a simpler system that requires less frequent adjustment.,"Adaptability""How should traders prioritize which adaptations are most urgent?""","Elder recommends prioritizing adaptations that address fundamental issues (trend identification, risk management) before those addressing secondary issues.",Adaptability
What does Elder teach about the timing of system modifications?,"System modifications should be made during calm periods, not during crisis. Never adapt reactively when losses are mounting or emotions are high.",Adaptability,,
How does Elder recommend documenting the rationale behind each system change?,Every system change should be documented with the specific market observation that triggered it and the expected benefit. This creates accountability and enables learning.,Adaptability,,
What is Elder's principle for evaluating whether an adaptation was justified?,An adaptation is justified only if forward-testing shows measurable improvement. Poor recent performance alone is not sufficient justification.,Adaptability,,
How should traders approach adapting to entirely new market types they haven't traded before?,"When entering new markets, Elder recommends trading significantly smaller size while studying how technical patterns behave in that market.",Adaptability,,