Questions,Answers,Label
Who is Dr. Alexander Elder?,"Dr. Alexander Elder is a professional trader, psychiatrist, and author best known for his book ""Trading for a Living,"" which emphasizes that psychology is the most critical factor in trading success.",Psychology
Why does Elder believe psychology is the most important factor in trading?,"Elder argues that markets are made up of human beings, and human emotions like fear, greed, and hope constantly distort judgment. Without mastering the mind, even the best strategy will fail.",Psychology
What are Elder's ""Three M's"" of trading?,"Elder's Three M's are Mind (psychology), Method (strategy), and Money (risk management). He considers Mind the foundation — without it, Method and Money cannot function properly.",Psychology
What does Elder mean by ""Mind"" in the Three M's?,"Mind refers to the trader's psychological discipline — the ability to control emotions, follow a plan, and avoid impulsive decisions driven by fear or greed.",Psychology
How does Elder describe the average losing trader's psychology?,"Elder says most losing traders are undisciplined, emotional, and act on impulse. They chase losses, overtrade, and let small losses turn into large ones because they cannot accept being wrong.",Psychology
What is Elder's concept of ""psychological self-analysis"" in trading?,"Elder encourages traders to keep a journal and regularly review their trades not just for strategy, but for emotional patterns — asking why they felt anxious, greedy, or hesitant during a trade.",Psychology
What role does self-awareness play in Elder's trading philosophy?,"Self-awareness is central to Elder's philosophy. He believes traders must understand their own emotional triggers and biases before they can consistently execute a sound strategy.",Psychology
Why does Elder compare trading to psychotherapy?,"Elder, being a psychiatrist, draws parallels between trading and therapy — both require honest self-examination, recognizing destructive patterns, and making conscious changes in behavior.",Psychology
What is Elder's view on greed in trading?,"Elder views greed as one of the most dangerous emotions in trading. Greedy traders hold winning positions too long, hoping for more gains, and often turn winners into losers.",Psychology
How does Elder describe fear in trading?,"Fear causes traders to exit positions too early, miss entries, or freeze during volatile markets. Elder says fear is often rooted in past losses and must be managed through planning and discipline.",Psychology
What does Elder say about hope in trading?,"Elder warns that hope is destructive when it causes traders to hold losing positions, expecting a reversal that never comes. He says hope should never replace a stop-loss.",Psychology
What is the ""Losers Anonymous"" concept Elder references?,"Elder references Alcoholics Anonymous as a model — just as an alcoholic must first admit their problem, a losing trader must admit their emotional weaknesses before they can change.",Psychology
Why does Elder say most traders are their own worst enemy?,"Elder argues that the market itself is not the problem — the trader's own psychology is. Self-sabotage, undisciplined behavior, and emotional decisions cause most trading losses.",Psychology
What is Elder's view on the psychology of revenge trading?,"Revenge trading — trying to immediately recover a loss with another trade — is one of the most destructive psychological behaviors Elder identifies. It leads to larger losses and emotional spiraling.",Psychology
How does Elder recommend a trader recover psychologically after a big loss?,"Elder recommends stopping trading temporarily, reviewing the journal, identifying what went wrong emotionally, and only returning when in a calm, disciplined state of mind.",Psychology
What does Elder say about overconfidence in trading?,"Overconfidence typically follows a winning streak and leads traders to take oversized risks. Elder warns that markets will quickly punish arrogance and that humility is essential.",Psychology
How does Elder define a disciplined trader?,"A disciplined trader follows their trading plan consistently, does not deviate based on emotions, and treats every trade as just one of many in a long series — not a make-or-break event.",Psychology
What is Elder's view on the psychology of accepting losses?,"Elder teaches that accepting small losses quickly is a sign of strength, not weakness. Refusing to accept a loss is an ego problem that causes small mistakes to become catastrophic ones.",Psychology
Why does Elder emphasize keeping a trading journal?,"A trading journal forces the trader to confront their emotional states and decisions objectively. Elder considers it the single most important tool for psychological development.",Psychology
What should a trading journal include according to Elder?,"According to Elder, a trading journal should record entry and exit prices, the reasoning behind the trade, the emotional state before and after, and a post-trade review of what was done well or poorly.",Psychology
How does Elder view the relationship between a trader's ego and performance?,"Elder believes a large ego is a trader's enemy. When traders need to be right more than they need to make money, they hold losers too long and make irrational decisions to protect their self-image.",Psychology
What does Elder say about the psychology of patience in trading?,"Elder teaches that patience — waiting for high-quality setups rather than forcing trades — is a hallmark of professional traders. Impatience is a symptom of emotional trading.",Psychology
How does Elder describe the psychological trap of ""getting even"" with the market?,"Trying to ""get even"" with the market after a loss is a sign that the trader is emotionally compromised. Elder says the market has no memory of you and does not owe you anything.",Psychology
What is Elder's view on the psychology of position sizing?,"Elder connects position sizing directly to psychology — taking oversized positions creates emotional pressure that leads to poor decisions. Proper sizing lets a trader think clearly.",Psychology
Why does Elder say that successful traders think in probabilities?,"Thinking in probabilities removes the emotional weight from any single trade. Elder teaches that no trade is certain, and accepting this reduces anxiety and improves decision-making.",Psychology
What psychological qualities does Elder say the best traders share?,"The best traders are disciplined, emotionally detached from individual trade outcomes, self-aware, humble, and consistent. They treat trading as a business, not a gambling activity.",Psychology
How does Elder describe the psychological difference between amateurs and professionals?,"Amateurs react emotionally to market movements and focus on how much money they made or lost. Professionals follow a process and evaluate performance by the quality of their decisions.",Psychology
What does Elder say about the need for a trading plan?,"A trading plan is a psychological anchor. It tells the trader in advance what to do in any situation, reducing the influence of fear and greed in the moment of decision.",Psychology
How does Elder suggest traders handle the psychological pressure of drawdowns?,"Elder recommends pre-defining the maximum acceptable drawdown before trading begins. When that limit is hit, the trader stops and reassesses — this removes the temptation to chase losses.",Psychology
What is the ""triple screen"" system and how does psychology factor in?,"The Triple Screen system is Elder's trading method that uses multiple timeframes. Psychologically, it forces the trader to slow down, gather more evidence, and avoid impulsive single-timeframe decisions.",Psychology
How does Elder view the psychological impact of watching P&L too closely?,"Watching profit and loss in real time creates unnecessary emotional noise. Elder encourages traders to focus on the process and the signals, not on the fluctuating dollar value of their account.",Psychology
What does Elder say about the psychology of cutting winners short?,"Cutting winners too early is driven by the fear of giving back profits. Elder teaches that traders must override this instinct and let winning trades run to their planned targets.",Psychology
Why does Elder emphasize pre-trade planning over in-trade decision making?,"In-trade decision making is heavily influenced by emotion. Elder teaches that all key decisions — entry, target, stop — should be made before the trade is placed, when the trader is calm.",Psychology
What is Elder's view on the psychology of market noise?,"Market noise — random short-term price fluctuations — triggers emotional reactions in undisciplined traders. Elder teaches traders to focus on meaningful signals and ignore the noise.",Psychology
How does Elder describe the psychological challenge of following a system?,"Following a system requires the trader to suppress the urge to second-guess or override rules. Elder says the ability to follow a system consistently is what separates winners from losers.",Psychology
What does Elder say about the psychology of missing a trade?,"Missing a trade is not a loss — it is simply a missed opportunity. Elder teaches that chasing a trade you missed is emotionally driven and almost always leads to a poor entry.",Psychology
How does Elder view the psychology of taking profits too early?,"Taking profits too early is driven by the psychological need for the certainty of a gain. Elder teaches traders to follow their exit rules rather than their emotions.",Psychology
What does Elder say about the role of meditation or mental preparation before trading?,"Elder advocates for mental preparation before trading — reviewing the plan, checking emotional state, and ensuring the trader is calm and focused before placing any trade.",Psychology
How does Elder describe the danger of euphoria in trading?,"Euphoria after a big win can be as dangerous as panic after a big loss. It leads to overconfidence, larger risk-taking, and deviation from the trading plan.",Psychology
What is Elder's view on how a trader's personal life affects their trading psychology?,"Personal stress, relationship problems, and financial pressure outside of trading all negatively affect trading psychology. Elder says traders must be honest about whether they are in the right mental state to trade.",Psychology
Why does Elder say that most people are not psychologically suited for trading?,"Most people have been conditioned by society to avoid losses at all costs and seek approval from others. Both tendencies are destructive in trading, where losses are inevitable and independence is required.",Psychology
How does Elder connect addiction to trading psychology?,"Elder draws parallels between compulsive trading and addiction. The excitement of the market can become addictive, leading traders to overtrade and take unnecessary risks for the emotional thrill.",Psychology
What does Elder say about the psychology of risk tolerance?,"A trader's stated risk tolerance and their actual emotional reaction to loss are often very different. Elder teaches traders to test their real risk tolerance through experience, not theory.",Psychology
How does Elder describe the psychological challenge of volatile markets?,"Volatile markets amplify emotions — fear and greed intensify. Elder teaches that a pre-defined plan and strict risk management are the trader's only protection against emotional decision-making in volatile conditions.",Psychology
What does Elder say about the psychology of averaging down a losing trade?,"Averaging down on a losing trade is almost always an emotional decision — the trader refuses to accept they are wrong. Elder teaches that this behavior turns manageable losses into account-destroying ones.",Psychology
How does Elder view the psychology of market crashes on individual traders?,"Market crashes trigger panic selling and irrational behavior. Elder teaches that traders who have prepared mentally for worst-case scenarios and have pre-set stops are far better equipped to survive crashes.",Psychology
What role does humility play in Elder's view of trading psychology?,"Humility allows a trader to accept being wrong, take a loss quickly, and move on. Elder says the most dangerous traders are those who are too proud to admit mistakes.",Psychology
How does Elder describe the psychology of consistency in trading?,"Consistency comes from executing the same process repeatedly, regardless of recent results. Elder says consistency is a psychological achievement — it requires suppressing the urge to change things after a few bad trades.",Psychology
What does Elder say about the psychological danger of tips and hot stock picks?,"Following tips is a way of avoiding personal responsibility for trading decisions. Elder warns that traders who follow tips rather than their own analysis never develop the discipline or confidence needed to succeed.",Psychology
How does Elder view the relationship between financial goals and trading psychology?,"Having unrealistic financial goals — like wanting to double an account in a month — creates psychological pressure that leads to reckless risk-taking. Elder teaches traders to set realistic, process-based goals.",Psychology
Why does Elder say that the market is the most unforgiving teacher?,"The market punishes emotional, undisciplined behavior with immediate financial consequences. Elder says this is actually valuable — it forces traders to confront their psychological weaknesses directly.",Psychology
What does Elder say about the psychology of a beginner trader?,"Beginners are typically overconfident, under-prepared, and emotionally reactive. Elder says the first stage of development is experiencing losses that force the trader to take psychology seriously.",Psychology
How does Elder describe the psychological journey from beginner to professional trader?,"The journey involves moving from emotional, reactive trading to calm, disciplined, process-driven trading. Elder says this transformation is primarily psychological, not technical.",Psychology
What is Elder's advice for traders who feel addicted to the excitement of trading?,"Elder advises such traders to step back and ask whether they are trading to make money or for excitement. If it is the latter, they should treat it as a sign of psychological imbalance that must be addressed.",Psychology
How does Elder describe the psychology of a trader who has ""made it""?,"A successful trader in Elder's view is not one who has made a lot of money, but one who has achieved consistent discipline — someone who follows their plan without emotional interference trade after trade.",Psychology
What does Elder say about the psychology of trading in a losing streak?,"A losing streak should trigger a reduction in position size and a thorough review of both strategy and emotional state. Elder warns against the urge to increase size to recover losses faster.",Psychology
How does Elder describe the psychological impact of social media and forums on traders?,"Social media and forums expose traders to others' opinions and ""hot tips,"" which undermine independent thinking and discipline. Elder teaches traders to make decisions based on their own analysis.",Psychology
What does Elder say about the psychology of setting stop-losses?,"Setting a stop-loss in advance is a psychological commitment to accept a defined loss. Elder says traders who move or remove stops are letting their ego override their risk management.",Psychology
How does Elder view the connection between self-esteem and trading performance?,"Traders with fragile self-esteem tie their identity to their trading results. Elder teaches that a trade outcome should never define a person's worth — this detachment is essential for long-term success.",Psychology
What does Elder say about the psychology of a trader who keeps losing?,"A persistent loser is almost always making psychological errors — not following the plan, revenge trading, or avoiding losses. Elder says the pattern of losses is a mirror of the trader's inner psychological state.",Psychology
How does Elder recommend building psychological resilience as a trader?,"Elder recommends small consistent wins, strict risk management, journaling, and gradual position sizing increases. Building resilience is a slow process that requires honest self-assessment.",Psychology
What does Elder say about the psychology of trading with borrowed money?,"Trading with money you cannot afford to lose creates extreme psychological pressure that destroys discipline. Elder considers this one of the most dangerous situations a trader can be in.",Psychology
How does Elder view the psychology of switching strategies frequently?,"Switching strategies after a few losses is a sign of psychological immaturity. Elder says every strategy goes through drawdown periods, and constantly switching prevents a trader from ever mastering anything.",Psychology
What does Elder say about the psychology of benchmarking against other traders?,"Comparing yourself to other traders creates anxiety and envy, both of which distort decision-making. Elder teaches that the only benchmark that matters is your own process and improvement over time.",Psychology
How does Elder describe the psychological importance of taking breaks from trading?,"Regular breaks prevent burnout and emotional exhaustion. Elder recommends stepping away from the screens periodically to maintain mental clarity and objectivity.",Psychology
What does Elder say about the psychology of trading around major news events?,"Major news events create extreme uncertainty and emotional volatility. Elder teaches that undisciplined traders are especially vulnerable during these times and should reduce risk or avoid trading altogether.",Psychology
How does Elder describe the psychology of a trader who is afraid to pull the trigger?,"Fear of pulling the trigger — hesitating to enter a valid setup — is rooted in the fear of loss. Elder says this is as damaging as overtrading and must be addressed through confidence-building and smaller position sizes.",Psychology
What does Elder say about the role of mindfulness in trading?,"Being fully present and aware during trading — not distracted by other thoughts or screens — is essential. Elder teaches that mindfulness allows traders to respond to the market rather than react emotionally.",Psychology
What does Elder mean when he says ""the market is a device for transferring money from the impatient to the patient""?,"This quote captures Elder's teaching that emotional, impatient traders consistently lose money to calm, disciplined traders who wait for the right setup and execute without hesitation.",Psychology
How does Elder describe the psychology behind why people start trading?,"Many people are drawn to trading by the promise of easy money and excitement. Elder says this motivation is psychologically dangerous — trading requires treating it as a serious profession, not a lottery.",Psychology
What does Elder say about the psychology of paper trading vs. live trading?,"Paper trading removes real financial consequences, which also removes the emotional pressure that distorts live trading. Elder says real psychological growth only happens when real money is at risk.",Psychology
How does Elder view the psychology of a trader who blames external factors for losses?,"Blaming the market, a broker, or news events for losses is a defense mechanism that prevents growth. Elder teaches that the trader must take full personal responsibility for every trade outcome.",Psychology
What does Elder say about the psychological benefit of having a mentor?,"A mentor provides an outside perspective that helps identify psychological blind spots. Elder believes learning from someone who has already overcome emotional trading pitfalls accelerates development.",Psychology
How does Elder describe the psychology of setting daily loss limits?,"A daily loss limit is a psychological safety net. When the limit is hit, the trader stops for the day — this prevents emotional spiraling and protects capital during psychologically compromised states.",Psychology
What does Elder say about the psychology of a trader who has experienced a large windfall?,"A sudden large gain can be psychologically destabilizing — it creates a false sense of invincibility. Elder warns that many traders give back large profits quickly after a windfall due to overconfidence.",Psychology
How does Elder view the psychological challenge of trading alone?,"Trading alone is psychologically demanding because there is no external accountability. Elder says this is why journaling, mentors, and trading groups are important psychological support structures.",Psychology
What does Elder say about the psychological impact of screen time on traders?,"Excessive screen time increases emotional reactivity by exposing the trader to constant market noise. Elder recommends limiting screen time to reduce emotional fatigue and impulsive decisions.",Psychology
How does Elder describe the psychology of a consistently profitable trader?,"A consistently profitable trader has internalized discipline to the point where emotional reactions are minimal. They follow their process automatically, without internal conflict or second-guessing.",Psychology
What is Elder's view on the psychology of revenge in markets?,"Revenge against the market is irrational — the market is indifferent to the trader's feelings. Elder says the urge for revenge is a signal that the trader has lost objectivity and must stop trading immediately.",Psychology
How does Elder connect a trader's relationship with money to their psychology?,"If a trader has a complicated or anxious relationship with money in general, it will severely affect trading. Elder teaches that traders must develop a healthy, rational relationship with money to trade well.",Psychology
What does Elder say about the psychology of being wrong in trading?,"Being wrong is an inevitable and frequent part of trading. Elder teaches that the ability to be wrong gracefully — taking the loss and moving on — is one of the most important psychological skills a trader can develop.",Psychology
How does Elder describe the role of routine in trading psychology?,"Having a consistent pre-market routine — reviewing the plan, checking emotional state, setting alerts — builds psychological stability and reduces the chance of impulsive decisions.",Psychology
What does Elder say about the psychology of trading multiple positions simultaneously?,"Managing multiple positions simultaneously increases cognitive and emotional load. Elder advises beginners especially to keep things simple and not overwhelm their psychological capacity.",Psychology
How does Elder view the psychological danger of hindsight bias in trading?,"Hindsight bias — feeling like a trade outcome was obvious in retrospect — creates a false sense that the market is predictable. Elder says this leads to overconfidence and poor future decision-making.",Psychology
What does Elder say about the psychology of the ""gamblers fallacy"" in trading?,"The gambler's fallacy is the belief that a losing streak means a win is ""due."" Elder teaches that each trade is independent and that this belief leads to dangerous risk escalation.",Psychology
How does Elder describe the psychological significance of a trader's first big loss?,"A first big loss is often a turning point. Elder says it can either destroy a trader or push them to take psychology seriously. Those who use it as a lesson tend to become better traders.",Psychology
What does Elder say about the psychology of trading part-time vs. full-time?,"Part-time traders face the additional psychological challenge of emotional carryover from their main job. Elder says they must be especially disciplined about separating their trading mindset from their daily stress.",Psychology
How does Elder view the psychology of social pressure to perform in trading?,"Social pressure — from family, friends, or a trading community — can push traders to take risks they otherwise wouldn't. Elder teaches traders to make decisions based solely on their plan, not on others' expectations.",Psychology
What does Elder say about the psychology behind the phrase ""letting profits run""?,"Letting profits run requires overcoming the psychological discomfort of uncertainty. Elder teaches that traders must trust their analysis and exit rules rather than grabbing profits early out of anxiety.",Psychology
How does Elder describe the psychology of loss aversion in traders?,"Loss aversion — the tendency to feel losses more intensely than gains — causes traders to hold losers too long and cut winners too short. Elder teaches that recognizing and counteracting this bias is essential.",Psychology
What does Elder say about the psychology of learning from mistakes?,"Learning from mistakes requires the psychological willingness to be honest with yourself. Elder says reviewing past trades without defensiveness is the fastest path to psychological growth as a trader.",Psychology
How does Elder view the psychology of traders who ""need"" to trade every day?,"Needing to trade every day is a sign of emotional addiction rather than disciplined trading. Elder teaches that some days the right trade is no trade at all — patience is a psychological skill.",Psychology
What does Elder say about the psychology of the fear of missing out (FOMO) in trading?,"FOMO drives traders to chase moves they missed, enter at poor prices, and take excessive risk. Elder teaches that there is always another trade and that acting on FOMO is one of the most costly psychological mistakes.",Psychology
How does Elder describe the psychology of a trader who has become too rigid?,"Being too rigid — refusing to adapt the plan when market conditions genuinely change — is also a psychological failure. Elder teaches that discipline is about following a sound process, not clinging to a plan beyond reason.",Psychology
What does Elder say about the psychology of trading during personal crises?,"Trading during personal crises — illness, divorce, financial stress — severely compromises judgment. Elder's advice is clear: do not trade when your mental and emotional resources are depleted.",Psychology
How does Elder view the psychology behind position trading vs. day trading?,"Different timeframes attract different psychological profiles. Elder notes that day trading demands rapid emotional control while position trading requires patience and tolerance for short-term uncertainty — both require deep self-knowledge.",Psychology
What is Elder's ultimate psychological message to traders?,"Elder's ultimate message is that the market is a mirror — it reflects your psychology back at you through your results. To improve your trading, you must be willing to do the hard inner work of understanding and mastering yourself.",Psychology
How does Elder describe the psychology of a trader who has read many books but still loses?,"Reading without self-application is not enough. Elder says many traders intellectually understand psychology but fail to apply it under pressure — real change requires repeated practice and honest self-reflection.",Psychology
What does Elder say about the psychology of journaling trade emotions vs. just recording numbers?,"Recording only numbers misses the point. Elder says the emotional notes — what you felt before, during, and after a trade — are the most valuable part of the journal for psychological growth.",Psychology
How does Elder summarize the psychological edge that separates elite traders from the rest?,"The psychological edge is the ability to act rationally when every emotion is screaming at you to do otherwise. Elder says this is rare, hard-won, and the true foundation of long-term trading success.",Psychology
What does Elder say about the psychology of scaling into and out of positions?,"Scaling in and out reduces psychological pressure by avoiding all-or-nothing decisions. Elder teaches that this approach makes it easier to stay disciplined because no single decision carries the entire emotional weight.",Psychology
